Symbol,Name,Sector,Price,Dividend Yield,Earnings/Share,Market Cap,EBITDA,Assets,Revenue
MMM,3M Company,Industrials,222.89,2.3328617,7.92,138721055226,9048000000,19.6552028218695,50.7690790000717
AOS,A.O. Smith Corp,Industrials,60.24,1.1479592,1.7,10783419933,601000000,9.48661417322835,16.8480752780058
ABT,Abbott Laboratories,Health Care,56.27,1.9089824,0.26,102121042306,5744000000,17.6394984326019,15.0435222170928
ABBV,AbbVie Inc.,Health Care,108.48,2.4995599,3.29,181386347059,10310000000,4.14996174445295,17.2421164761552
ACN,Accenture plc,Information Technology,150.51,1.7144699,5.44,98765855553,5643228000,14.1723163841808,57.7969423032836
ATVI,Activision Blizzard,Information Technology,65.83,0.43190324,1.28,52518668144,2704000000,12.7577519379845,6.21323779249315
AYI,Acuity Brands Inc,Industrials,145.41,0.35118526,7.43,6242377704,587800000,40.9605633802817,80.9926859276754
ADBE,Adobe Systems Inc,Information Technology,185.16,0,3.39,94550214268,2538040000,16.7414104882459,14.1421044728492
AAP,Advance Auto Parts,Consumer Discretionary,109.63,0.21832074,6.19,8123611867,853941000,43.6772908366534,97.0085906093242
AMD,Advanced Micro Devices Inc,Information Technology,11.22,0,0.03,11191663795,339000000,0.522589659990685,5.31956378628724
AES,AES Corp,Utilities,10.06,4.961832,-1.72,6920851212,3001000000,4.57272727272727,15.2536604122464
AET,Aetna Inc,Health Care,178,1.101989,5.75,59197016353,4139000000,46.9656992084433,179.371365840396
AMG,Affiliated Managers Group Inc,Financials,179.11,0.6387395,12.07,10442174371,1261400000,61.9757785467128,39.0112899906017
AFL,AFLAC Inc,Financials,83.25,2.4299066,11.01,33422948000,0,54.4117647058824,53.9556315550421
A,Agilent Technologies Inc,Health Care,65.05,0.8756979,2.1,21984606918,1094000000,14.265350877193,10.0176128267332
APD,Air Products & Chemicals Inc,Materials,152.8,2.7811136,13.66,34638387128,2542500000,45.6119402985075,37.12009928752
AKAM,Akamai Technologies Inc,Information Technology,62.49,0,1.79,10906904066,789517000,19.2276923076923,10.6735627891418
ALK,Alaska Air Group Inc,Industrials,64.04,1.9928383,8.28,7903173734,1665000000,28.9773755656109,65.3396580707538
ALB,Albemarle Corp,Materials,105.18,1.2004126,5.66,11782151266,686030000,35.2953020134228,19.5989263634349
ARE,Alexandria Real Estate Equities Inc,Real Estate,114.58,3.0262272,1.57,12043374429,0,55.3526570048309,10.9205401559546
ALXN,Alexion Pharmaceuticals,Health Care,108.47,0,1.77,26172439795,1072000000,38.4645390070922,11.1588198295531
ALGN,Align Technology,Health Care,220.71,0,2.84,18788041378,380326000,13.4251824817518,16.7983134557223
ALLE,Allegion,Industrials,77.32,0.8004002,2.37,7599609494,531800000,3.775390625,18.1279705300907
AGN,"Allergan, Plc",Health Care,164.2,1.643289,38.35,56668833898,-2888100000,197.831325301205,34.0655772735713
ADS,Alliance Data Systems,Information Technology,240.6,0.9240122,14.13,13632608582,2143200000,29.0579710144928,139.217597104274
LNT,Alliant Energy Corp,Utilities,37.14,3.5733333,1.65,8670163500,1168400000,17.4366197183099,10.8180593782133
ALL,Allstate Corp,Financials,90.06,1.5278208,4.68,34759468905,0,53.9281437125749,74.5187064624913
GOOGL,Alphabet Inc Class A,Information Technology,1007.71,0,22.27,733823966137,34217000000,214.406382978723,148.15578241414
GOOG,Alphabet Inc Class C,Information Technology,1001.52,0,22.27,728535558140,32714000000,214.458244111349,147.877057926931
MO,Altria Group Inc,Consumer Staples,64.05,3.9526875,5.31,126985101434,10773000000,6.20639534883721,12.9506911281397
AMZN,Amazon.com Inc,Consumer Discretionary,1350.5,0,6.16,685873374731,16132000000,55.6219110378913,343.896555508673
AEE,Ameren Corp,Utilities,52.59,3.4404964,2.68,12905744906,2298000000,29.3798882681564,19.5275440855009
AAL,American Airlines Group,Industrials,48.6,0.7782101,3.91,24594852352,5761000000,8.05970149253731,83.7605162750044
AEP,American Electric Power,Utilities,63.38,3.8479443,1.24,31701916517,4450800000,35.0165745856354,23.0557119562382
AXP,American Express Co,Financials,88.34,1.4955667,2.9,80410990000,0,23.5573333333333,38.8551070450722
AIG,"American International Group, Inc.",Financials,58.28,2.1167521,-0.76,54360073164,0,77.7066666666667,39.6826045297543
AMT,American Tower Corp A,Real Estate,133.57,2,1.97,59213892640,3792383000,14.4869848156182,11.1735376631538
AWK,American Water Works Company Inc,Utilities,76.06,2.129297,2.63,13906146184,1711000000,29.8274509803922,13.6950462860515
AMP,Ameriprise Financial,Financials,152.5,2.0735743,9.44,23472126000,0,40.8847184986595,78.2322206249169
ABC,AmerisourceBergen Corp,Health Care,91.55,1.6132456,1.64,20587704101,991884000,9.40904419321685,526.240640331681
AME,AMETEK Inc,Industrials,72.05,0.75512403,2.94,17139651923,1025763000,15.8700440528634,17.9435608392556
AMGN,Amgen Inc,Health Care,173.12,2.9751508,2.57,128133340000,11945000000,44.2762148337596,31.0144179780434
APH,Amphenol Corp,Information Technology,84.44,0.8608971,2.05,26955335395,1671700000,12.7168674698795,21.8940818046283
APC,Anadarko Petroleum Corp,Energy,56.2,1.7029973,-5.9,32129091747,3115000000,19.5138888888889,14.1625169484
ADI,"Analog Devices, Inc.",Information Technology,82.68,2.108963,2.11,31811578855,1663384000,26.4153354632588,10.3299512363332
ANDV,Andeavor,Energy,96.9,2.3454583,6.13,15696449735,2548000000,57,146.415207236447
ANSS,ANSYS,Information Technology,148.84,0,2.99,13155919129,458515000,25.706390328152,8.85246291648328
ANTM,Anthem Inc.,Health Care,230.57,1.2581781,14.36,61221978627,0,101.127192982456,344.313114227522
AON,Aon plc,Financials,136.05,1.0245464,4.66,35123123422,1858000000,20.0663716814159,38.9017919758056
APA,Apache Corporation,Energy,37.73,2.528445,-3.72,15066280977,3265000000,16.9954954954955,10.333119166909
AIV,Apartment Investment & Management,Real Estate,38.21,3.876562,1.95,6156884142,874871000,8.14712153518124,6.17523277524593
AAPL,Apple Inc.,Information Technology,155.15,1.5795412,9.2,809508034020,79386000000,27.4116607773852,44.8590709566414
AMAT,Applied Materials Inc,Information Technology,45.75,0.8215239,3.17,51296481503,4336000000,8.40992647058824,9.72987030199859
APTV,Aptiv Plc,Consumer Discretionary,89.27,0.9392678,5.05,24906530300,2370000000,11.8082010582011,59.4111540698205
ADM,Archer-Daniels-Midland Co,Consumer Staples,41.35,3.1761081,2.17,23594770663,2927000000,32.0542635658915,78.7935497523148
AJG,Arthur J. Gallagher & Co.,Financials,64.4,2.4807138,2.54,11968488290,888000000,22.0547945205479,33.1955084002935
AIZ,Assurant Inc,Financials,85.16,2.5313594,9.08,4653993594,0,76.0357142857143,86.7045019754902
T,AT&T Inc,Telecommunication Services,35.57,5.4156513,4.76,226713270000,49653000000,19.7611111111111,25.2571299379571
ADSK,Autodesk Inc,Information Technology,104.81,0,-2.61,24348294504,-378100000,0.467630393075447,6.34949675346311
ADP,Automatic Data Processing,Information Technology,108.25,2.2190912,3.85,50337702249,2767400000,8.41757387247279,26.7394249094454
AZO,AutoZone Inc,Consumer Discretionary,718.57,0,44.09,19922021415,2347304000,5.2746825222051,388.19737781334
AVB,"AvalonBay Communities, Inc.",Real Estate,154.94,3.7149355,6.36,21856547430,1331579000,73.0849056603774,15.1143044883651
AVY,Avery Dennison Corp,Materials,110.77,1.5682175,3.11,10104814319,831200000,12.5447338618347,72.8438544598596
BHGE,"Baker Hughes, a GE Company",Energy,27.5,2.4991322,-0.31,32995712852,285000000,12.2222222222222,14.1825354195929
BLL,Ball Corp,Materials,38.44,1.0170354,0.85,13767688518,1317000000,10.6187845303867,24.4896934640869
BAC,Bank of America Corp,Financials,29.74,1536,1.55,321478200969,0,23.9838709677419,9.29030271704806
BAX,Baxter International Inc.,Health Care,62.56,0.97635394,1.29,35713732553,1832000000,16.5941644562334,18.1890001091456
BBT,BB&T Corporation,Financials,51.07,2.4526198,2.74,42087562920,0,32.9483870967742,14.7805747417951
BDX,Becton Dickinson,Health Care,211.44,1.3518385,4.65,50910180308,1537000000,53.1256281407035,37.1514762712955
BRK.B,Berkshire Hathaway,Financials,191.42,0,9.76,261401203633,0,121.151898734177,133.596385094825
BBY,Best Buy Co. Inc.,Consumer Discretionary,68.79,1.9085041,3.81,20831186176,2555000000,14.3611691022965,89.6689448366272
BIIB,Biogen Inc.,Health Care,311.79,0,11.94,69157726427,6511400000,56.5862068965517,54.3430614251411
BLK,BlackRock,Financials,509.38,2.1643558,30.3,85907759858,5684000000,172.671186440678,73.6543214632146
HRB,Block H&R,Financials,25.19,3.7296038,1.92,5381433872,894754000,0.12263278321406,12.4774276943219
BA,Boeing Company,Industrials,329.66,1.9648397,13.47,205617405233,12476000000,1.80279995625068,152.899234506638
BWA,BorgWarner,Consumer Discretionary,51.94,1.2363636,0.55,11596117445,867900000,17.9723183391003,32.8082663187331
BXP,Boston Properties,Real Estate,112.09,2.7744062,2.93,17799878487,1546846000,35.584126984127,16.3887231431609
BSX,Boston Scientific,Health Care,25.2,0,0.07,36142506007,1726000000,5.27196652719665,6.21350030882576
BHF,Brighthouse Financial Inc,Financials,55.44,0,-24.62,7066613254,0,108.705882352941,39.0742889346322
BMY,Bristol-Myers Squibb,Health Care,62.69,2.5546863,2.65,102506501960,5170000000,9.28740740740741,9.63982365073607
AVGO,Broadcom,Information Technology,229.57,2.9488583,4.01,92791974933,7016000000,52.175,32.9752267091724
BF.B,Brown-Forman Corp.,Consumer Staples,63.33,1.1216964,1.7,5498033502,1139000000,5.12378640776699,34.3971707091444
CHRW,C. H. Robinson Worldwide,Industrials,90.47,1.987685,3.57,12932483889,868096000,9.71750805585392,106.082430257838
CA,"CA, Inc.",Information Technology,32.66,3,1.85,14175422936,1613000000,13.3852459016393,9.67920948183185
COG,Cabot Oil & Gas,Energy,23.01,1.0269576,-0.92,10808821635,404951000,5.46555819477435,2.66420307966129
CDNS,Cadence Design Systems,Information Technology,36.82,0,0.74,10890625200,455607000,3.35336976320583,6.40154443779331
CPB,Campbell Soup,Consumer Staples,44.83,3125,2.89,13467193376,1683000000,5.66750948166877,18.7587326126571
COF,Capital One Financial,Financials,91.8,1.6306564,3.45,47637260000,0,97.6595744680851,57.622036474498
CAH,Cardinal Health Inc.,Health Care,66.63,2.8394227,4.04,20493281175,1913000000,21.990099009901,315.316398213141
KMX,Carmax Inc,Consumer Discretionary,64.34,0,3.97,11827453706,1339628000,18.1239436619718,93.0594621614355
CCL,Carnival Corp.,Consumer Discretionary,66.76,2.6041667,3.58,49180044050,4711000000,33.38,23.717676095485
CAT,Caterpillar Inc.,Industrials,145.99,2.0215108,1.26,91822049046,8136000000,25.3895652173913,71.3244808052675
CBOE,CBOE Holdings,Financials,111.15,0.9426963,2.27,12998295607,488406000,21.5825242718447,13.4742919238379
CBG,CBRE Group,Real Estate,41.92,0,1.69,14440591731,1652961000,11.2085561497326,28.668499344256
CBS,CBS Corp.,Consumer Discretionary,51.8,1.3473054,2.81,20431395736,2841000000,7.49638205499276,24.6022123848202
CELG,Celgene Corp.,Health Care,91.02,0,3.58,74921079154,5233000000,12.1522029372497,15.6121597833028
CNC,Centene Corporation,Health Care,100.36,0,3.23,18012494506,2063000000,38.8992248062016,199.575911131846
CNP,CenterPoint Energy,Utilities,25.85,4.2109256,1,11362043297,2337000000,8.05295950155763,15.8953506683457
CTL,CenturyLink Inc,Telecommunication Services,16.2,12.661196,1.16,18237196861,5577000000,11.6546762589928,10.948916949356
CERN,Cerner,Health Care,61.22,0,1.84,21101697598,1523440000,13.2510822510823,11.0186367948459
CF,CF Industries Holdings Inc,Materials,37.46,3.0395136,-1.2,9209106695,711000000,13.3309608540925,12.4681937907463
SCHW,Charles Schwab Corporation,Financials,48.9,0.76878726,1.61,69750188843,0,10.8425720620843,6.15124128652771
CHTR,Charter Communications,Consumer Discretionary,348.65,0,34.08,86708878113,14694000000,153.590308370044,164.390596772993
CHK,Chesapeake Energy,Energy,2.82,0,-6.44,2626102121,1470000000,1.53260869565217,6.91766778238999
CVX,Chevron Corp.,Energy,112.3,3.885853,4.85,218978820159,28877000000,65.6725146198831,68.102445726808
CMG,Chipotle Mexican Grill,Consumer Discretionary,266.01,0,0.8,7685283970,401293000,43.5368248772504,104.220158296633
CB,Chubb Limited,Financials,140.39,1.9251627,8.2,68424670566,0,103.992592592593,66.8981360918422
CHD,Church & Dwight,Consumer Staples,47.38,1.8366054,2.92,11838963451,868000000,7.54458598726115,14.9546524940245
CI,CIGNA Corp.,Health Care,189.27,0.020466639,7.2,47680910480,0,55.8318584070797,122.049676223689
XEC,Cimarex Energy,Energy,100.19,0.30214334,-4.64,10089082025,1061056000,23.4088785046729,13.2588785786334
CINF,Cincinnati Financial,Financials,70.34,2.918904,3.55,11916533018,0,43.9625,25.5162099032931
CTAS,Cintas Corporation,Industrials,149.32,1.0344827,4.38,16676145923,1097295000,22.8667687595712,54.0739088066632
CSCO,Cisco Systems,Information Technology,38.77,2.8755577,1.91,199425716482,15447000000,12.628664495114,7.06911836406343
C,Citigroup Inc.,Financials,71.87,1.7068943,-3.1,192709302000,0,79.8555555555556,32.8810326995854
CFG,Citizens Financial Group,Financials,42.19,1.9625335,3.27,22008050974,0,39.0648148148148,12.4390628913005
CTXS,Citrix Systems,Information Technology,84.53,0,-0.24,13199167493,810268000,12.5601783060921,17.7812971549883
CME,CME Group Inc.,Financials,153.04,3.6828613,11.94,54423298745,2851800000,60.9721115537849,10.2836980941695
CMS,CMS Energy,Utilities,41.77,3.3918407,1.99,11873960824,2099000000,15.7622641509434,16.9029409417637
KO,Coca-Cola Company (The),Consumer Staples,43.1,3.3213644,1.49,189855335601,8589000000,4.98265895953757,6.31766756990257
CTSH,Cognizant Technology Solutions,Information Technology,75.16,1.0454783,2.54,45119684067,2946000000,19.0761421319797,18.9422974925121
CL,Colgate-Palmolive,Consumer Staples,68.95,2.2801766,2.28,61616643498,4064000000,0.291641993063193,17.2343245756969
CMCSA,Comcast Corp.,Consumer Discretionary,38.19,1.8929017,4.74,186476996883,28675000000,14.411320754717,17.5201585044473
CMA,Comerica Inc.,Financials,89.18,1.2823253,4.13,16274969256,0,45.5,18.1796981004071
CAG,Conagra Brands,Consumer Staples,35.49,2.3683476,1.46,14379717835,1281200000,9.19430051813472,19.3987491878926
CXO,Concho Resources,Energy,140.09,0,-11.04,22021882339,2151190000,53.6743295019157,11.4154627899019
COP,ConocoPhillips,Energy,53.24,2.049254,-0.65,65482462410,5328000000,24.6481481481482,25.6403131219696
ED,Consolidated Edison,Utilities,74.73,3.8001595,4.1,23335777662,4288000000,47.2974683544304,25.24454065273
STZ,Constellation Brands,Consumer Staples,208.73,0.9712818,8.71,41697453163,3033300000,40.6089494163424,40.564785886805
GLW,Corning Inc.,Information Technology,28.45,2.0791416,-0.78,25759280346,2970000000,16.6374269005848,11.1801788985814
COST,Costco Wholesale Corp.,Consumer Staples,178.61,1.0917627,6.09,80439804508,5679000000,24.6698895027624,291.827879880501
COTY,"Coty, Inc",Consumer Staples,19.96,2.860412,-0.63,13101112504,211400000,14.5693430656934,9.94925878022088
CCI,Crown Castle International Corp.,Real Estate,103.81,3.862069,1.02,44183023189,2292600000,29.3248587570622,10.2525448404396
CSRA,CSRA Inc.,Information Technology,30.85,1.275917,1.83,5134501276,543000000,2.71328056288478,23.15224971949
CSX,CSX Corp.,Industrials,50.47,1.5102888,6.07,47340511707,5003000000,11.8196721311475,11.9700547036481
CMI,Cummins Inc.,Industrials,165.73,2.5008683,8.23,28669230787,2924000000,42.6041131105398,85.4006829168953
CVS,CVS Health,Consumer Staples,70.55,2.6899798,4.91,75323141722,11704000000,33.1220657276995,128.307253588238
DHI,D. R. Horton,Consumer Discretionary,44.55,1.0801469,2.73,17390873686,1691000000,20.5299539170507,37.3396344420453
DHR,Danaher Corp.,Health Care,92.16,0.5879265,3.53,66351150000,4339800000,34.777358490566,24.9872704823226
DRI,Darden Restaurants,Consumer Discretionary,91.33,2.6503997,3.81,11745595320,997600000,15.5059422750424,59.775527285208
DVA,DaVita Inc.,Health Care,71.91,0,4.3,13685178000,2252294000,25.7741935483871,62.7958318098656
DE,Deere & Co.,Industrials,153.66,1.4866204,6.64,52186628646,4053300000,28.9378531073446,64.7086250541555
DAL,Delta Air Lines Inc.,Industrials,51.23,2.2655525,4.94,38393603535,8348000000,19.187265917603,55.8107000409206
XRAY,Dentsply Sirona,Health Care,56.85,0.60034305,1.99,13390513478,-411100000,31.5833333333333,12.2885387814179
DVN,Devon Energy Corp.,Energy,34.94,0.6528836,-6.89,19317380000,3723000000,12.259649122807,16.911573091877
DLR,Digital Realty Trust Inc,Real Estate,98.96,3.5710857,2.19,21400952517,1260662000,42.6551724137931,7.95820750865242
DFS,Discover Financial Services,Financials,72.4,1.8269607,5.41,27433540000,0,28.7301587301587,30.664550360912
DISCA,Discovery Communications-A,Consumer Discretionary,22.87,0,1.96,8763756733,2100000000,15.2466666666667,12.6767652132269
DISCK,Discovery Communications-C,Consumer Discretionary,21.58,0,1.96,8320262123,2100000000,15.0909090909091,12.5846181443135
DISH,Dish Network,Consumer Discretionary,43.77,0,3.06,21032719056,2754331000,11.6409574468085,23.6315576155138
DG,Dollar General,Consumer Discretionary,95.1,1.0625255,4.43,26580644874,2457604000,20.9933774834437,62.2223955347482
DLTR,Dollar Tree,Consumer Discretionary,101.58,0,3.77,25151198417,2430300000,24.8970588235294,63.1026174168069
D,Dominion Energy,Utilities,73.31,4.5281997,4.91,47543571860,6428000000,24.7668918918919,19.3153782607644
DOV,Dover Corp.,Industrials,96.2,1.8815053,5.15,15566645713,1513291000,26.7966573816156,48.4347812077077
DWDP,DowDuPont,Materials,68.21,2.1529746,1.59,165203312427,5250000000,44.2922077922078,25.3357845763722
DPS,Dr Pepper Snapple Group,Consumer Staples,116.93,1.9661016,4.54,21209783858,1507000000,11.7047047047047,27.7419355144842
DTE,DTE Energy Co.,Utilities,98.49,3.5559585,4.82,17808073691,2790000000,50.5076923076923,51.5872629272213
DUK,Duke Energy,Utilities,74.32,4.7849464,3.12,52078185682,9895000000,58.5196850393701,25.3229623218376
DRE,Duke Realty Corp,Real Estate,24.52,3.1533308,0.88,9035293365,529483000,12.639175257732,1.52513578653374
DXC,DXC Technology,Information Technology,91.92,0.7493755,-0.89,27408621020,1628000000,40.6725663716814,46.9026135501712
ETFC,E*Trade,Financials,48.48,0,2.15,13754977266,0,22.5488372093023,8.5215048471332
EMN,Eastman Chemical,Materials,93.57,2.2630835,10.12,14226830813,2152000000,33.658273381295,62.7784969726165
ETN,Eaton Corporation,Industrials,79.41,2.9404557,6.68,35961772000,4253000000,36.594470046083,43.7237938047332
EBAY,eBay Inc.,Information Technology,41.02,0,-1.07,44216696399,2941000000,10.7947368421053,8.77993098700273
ECL,Ecolab Inc.,Materials,127.76,1.2319711,4.14,38460272282,2848600000,24.1969696969697,34.1963733161545
EIX,Edison Int'l,Utilities,58.07,4.0542803,3.96,19447670886,4284000000,36.5220125786164,26.8706373389416
EW,Edwards Lifesciences,Health Care,123.78,0,2.88,27447099863,1156700000,14.5966981132075,15.8118061409208
EA,Electronic Arts,Information Technology,116.54,0,3.07,37890226992,1560000000,13.6463700234192,15.6606491332347
EMR,Emerson Electric Company,Industrials,66.4,2.813225,2.35,44040298425,2542000000,13.2534930139721,18.0888222193503
ETR,Entergy Corp.,Utilities,72.02,4.892126,-3.26,13116894887,880700000,46.7662337662338,46.3356283473422
EVHC,Envision Healthcare,Health Care,35.34,0,-0.48,4212729247,827200000,55.21875,28.7996323035061
EOG,EOG Resources,Energy,101.04,0.63339007,-1.98,61164030149,3692749000,22.2065934065934,12.5937614514235
EQT,EQT Corporation,Energy,46.25,0.2518363,-2.69,12638828950,1518305000,21.5116279069767,7.11677435718332
EFX,Equifax Inc.,Industrials,114,1.3265306,4.04,14121334618,1141200000,24.8366013071895,20.2349892855732
EQIX,Equinix,Real Estate,409.98,1.8775817,1.77,33333813618,1687152000,79.7626459143969,38.5350840519381
EQR,Equity Residential,Real Estate,55.26,3.5437918,1.63,20925508143,1710686000,26.4401913875598,6.43035256741077
ESS,"Essex Property Trust, Inc.",Real Estate,218.28,3.2138102,6.27,14383525286,1237886000,94.904347826087,15.3901642481225
EL,Estee Lauder Cos.,Consumer Staples,131.46,1.1283498,3.35,49543264457,2478000000,12.1497227356747,33.2619960593163
RE,Everest Re Group Ltd.,Financials,241.06,2.1078234,23.71,10131892523,0,207.810344827586,114.834288205576
ES,Eversource Energy,Utilities,56.11,3.3397784,2.96,18027633617,2738713000,33.3988095238095,18.021986309393
EXC,Exelon Corp.,Utilities,35.98,3.8174274,1.23,34734816899,8548000000,28.5555555555556,25.8219700756523
EXPE,Expedia Inc.,Consumer Discretionary,123.03,0.92785895,1.81,19722178609,1481458000,29.7173913043478,49.06500712645
EXPD,Expeditors International,Industrials,60.36,1.3520038,2.36,11040678071,721643000,10.8756756756757,27.5576297333859
ESRX,Express Scripts,Health Care,73.35,0,5.39,42449656350,7309300000,27.6792452830189,127.369365394596
EXR,Extra Space Storage,Real Estate,77.56,3.879632,2.92,10133547517,717468000,17.0837004405286,6.35486739744911
XOM,Exxon Mobil Corp.,Energy,76.07,4.0031195,1.88,326148660000,39052000000,41.1189189189189,42.9726814184928
FFIV,F5 Networks,Information Technology,137.25,0,6.51,8744185796,629940000,20.0072886297376,33.3101929627321
FB,"Facebook, Inc.",Information Technology,171.58,0,5.39,523423036576,23624000000,24.2344632768362,12.9572895023828
FAST,Fastenal Co,Industrials,52.15,2.7798648,2.01,15311373377,1009600000,7.05683355886333,15.0159358959187
FRT,Federal Realty Investment Trust,Real Estate,108.11,3.5925992,3.5,8077368506,540767000,27.1633165829146,8.3815291286241
FDX,FedEx Corporation,Industrials,239.27,0.7963368,11.07,67280478816,8062000000,61.3512820512821,222.541882741346
FIS,Fidelity National Information Services,Information Technology,92.74,1.322724,1.72,32308459680,2782000000,28.5353846153846,19.7157995346655
FITB,Fifth Third Bancorp,Financials,31.1,1.9789734,2.85,22437653700,0,21.3013698630137,10.7975433540461
FISV,Fiserv Inc,Information Technology,133.05,0,4.14,26918949723,1911000000,11.5294627383016,20.4104705944256
FLIR,FLIR Systems,Information Technology,46.46,1.2396694,1.21,6706992926,375267000,13.1988636363636,9.04249759778247
FLS,Flowserve Corporation,Industrials,40.82,1.8291216,1.12,5427884956,463066000,12.9587301587302,19.6221349796186
FLR,Fluor Corp.,Industrials,55.31,1.4726508,1.99,7978485059,709756000,23.0458333333333,100.264629009996
FMC,FMC Corporation,Materials,80.87,0.785995,1.56,11273961835,557800000,15.3745247148289,13.4583622452915
F,Ford Motor,Consumer Discretionary,10.43,6.7843866,1.9,42414328338,9281000000,8.27777777777778,38.5523892039264
FTV,Fortive Corp,Industrials,69.14,0.39057052,2.46,24916503061,1508300000,9.64295676429568,13.3777910442055
FBHS,Fortune Brands Home & Security,Industrials,62.44,1.2618296,3.04,9624169008,814500000,16.6063829787234,33.8711416787979
BEN,Franklin Resources,Financials,38,2.332657,3,21759187973,2711300000,20.7650273224044,11.1794265601405
FCX,Freeport-McMoRan Inc.,Materials,17.16,1.1198208,1.24,25853969330,5347000000,4.68852459016393,10.3758870672972
GPS,Gap Inc.,Consumer Discretionary,31.17,2.8203557,1.69,12684517721,1959000000,7.93129770992367,27.6091438082974
GRMN,Garmin Ltd.,Consumer Discretionary,61.13,3.2339885,2.69,11840331607,736798000,19.468152866242,11.4908585361214
IT,Gartner Inc,Information Technology,114.26,0,2.31,10828314389,234935000,8.48255382331106,23.3445752057565
GD,General Dynamics,Industrials,206.05,1.5631542,9.55,64180390701,4618000000,37.8073394495413,100.603661026059
GE,General Electric,Industrials,14.45,3.147541,-0.72,132249296250,-206000000,8.5,13.2719657232427
GGP,General Growth Properties Inc.,Real Estate,21.62,4.005462,1.34,21018887283,1740540000,8.41245136186771,1.27148221245197
GIS,General Mills,Consumer Staples,53.99,3.5864594,2.77,31098243069,3107600000,7.4366391184573,26.4797335135335
GM,General Motors,Consumer Discretionary,40.75,3.5857513,6,61536606173,23541000000,30.6390977443609,72.338759124891
GPC,Genuine Parts,Consumer Discretionary,96.31,2.7198548,4.6,14554321748,1201517000,22.2424942263279,79.4482262529738
GILD,Gilead Sciences,Health Care,78.22,2.754954,9.95,108106822109,17590000000,18.9854368932039,15.017049015863
GPN,Global Payments Inc.,Information Technology,100.59,0.037622273,1.58,16920023264,960345000,21.2663847780127,17.4156697397587
GS,Goldman Sachs Group,Financials,246.35,1.1668612,8.61,96978500251,0,197.08,106.672035991799
GT,Goodyear Tire & Rubber,Consumer Discretionary,30.75,1.6731402,4.74,8244568238,2044000000,18.6363636363636,42.2820038881293
GWW,Grainger (W.W.) Inc.,Industrials,258.6,1.9700643,10.02,14639308205,1279846000,31.9259259259259,184.778351008271
HAL,Halliburton Co.,Energy,47.41,1.4489837,-0.53,43356557470,2910000000,10.0021097046413,22.1291562298826
HBI,Hanesbrands Inc,Consumer Discretionary,19.57,2.7322404,1.41,8006268615,926153000,3.17179902755267,11.9769142377052
HOG,Harley-Davidson,Consumer Discretionary,47.54,3.0218647,2.98,8158949890,1058817000,11.030162412993,28.6049520142002
HRS,Harris Corporation,Information Technology,149.84,1.4922442,4.43,18140726600,1368000000,25.4829931972789,50.7645908305882
HIG,Hartford Financial Svc.Gp.,Financials,53.34,1.7901897,2.27,19926305632,0,46.3826086956522,38.2652567108035
HAS,Hasbro Inc.,Consumer Discretionary,96.48,2.2304833,4.34,12732072001,1028425000,16.5773195876289,29.8001453621933
HCP,HCP Inc.,Real Estate,22.64,6.330197,1.33,10967755538,1412684000,11.492385786802,2.78573844647586
HP,Helmerich & Payne,Energy,64.87,4.1499925,-1.2,7345243806,483673000,40.0432098765432,17.3514790163191
HSIC,Henry Schein,Health Care,70.85,0,3.1,11452961984,1033985000,18.9438502673797,56.1324170452403
HES,Hess Corporation,Energy,43,2.2670596,-19.94,14016129999,-819000000,39.8148148148148,11.3742320740119
HPE,Hewlett Packard Enterprise,Information Technology,15.04,1.9280206,0.21,24800859640,3683000000,14.188679245283,10.2944838404667
HLT,Hilton Worldwide Holdings Inc,Consumer Discretionary,78.66,0.7315289,1.05,26242415796,2815000000,4.45161290322581,20.9043938107155
HOLX,Hologic,Health Care,38.8,0,2.64,11181493750,1561000000,9.7,8.07769577482382
HD,Home Depot,Consumer Discretionary,181.22,1.8610487,6.46,223378633329,16513000000,2.15532825880114,62.5664652170572
HON,Honeywell Int'l Inc.,Industrials,146.02,1.9710299,2.08,114422168609,8333000000,25.5726795096322,51.6557668470515
HRL,Hormel Foods Corp.,Consumer Staples,32.21,2.2907758,1.57,17338613096,1422305000,9.22922636103152,12.7945446381444
HST,Host Hotels & Resorts,Real Estate,18.75,4.1131105,1.02,14394715334,1547000000,9.28217821782178,5.27439097802905
HPQ,HP Inc.,Information Technology,19.92,2.6270628,1.49,34895294088,3700000000,30.1818181818182,22.2447970681536
HUM,Humana Inc.,Health Care,262.37,0.6040015,4.06,36973617235,0,78.7897897897898,283.431971519608
HBAN,Huntington Bancshares,Financials,15.1,2.8132992,1,16766497291,0,8.77906976744186,4.3005115444242
HII,Huntington Ingalls Industries,Industrials,225.37,1.2264713,12.15,10628247899,1107000000,37.3129139072848,119.086236517197
IDXX,IDEXX Laboratories,Health Care,169.28,0,2.94,15422885020,478307000,0.862749095357015,21.2256669069935
INFO,IHS Markit Ltd.,Industrials,43.73,0,1,17969275816,1018900000,19.5223214285714,8.64160935894396
ITW,Illinois Tool Works,Industrials,156.15,1.9089574,4.86,55994378108,3924000000,14.2083712465878,39.7468329104998
ILMN,Illumina Inc,Health Care,209.54,0,4.92,32295200000,1192000000,19.2415059687787,17.8880690403999
INCY,Incyte,Health Care,83.92,0,0.54,18220961259,-81686000,8.18731707317073,4.92864563848337
IR,Ingersoll-Rand PLC,Industrials,87.6,1.9739007,5.07,22785450609,1987100000,26.2275449101796,54.2503508777688
INTC,Intel Corp.,Information Technology,42.75,2.6548672,1.98,211536000000,26247000000,12.7994011976048,12.7654771332232
ICE,Intercontinental Exchange,Financials,67,5.4298644,2.37,41373051167,3103000000,25.5725190839695,6.96466637636828
IBM,International Business Machines,Information Technology,147.59,3.8999026,6.11,142433003505,16557000000,19.1675324675325,81.2198328497051
IP,International Paper,Materials,56.05,3.206751,5.14,24465996443,3004000000,11.2324649298597,52.1965334983011
IPG,Interpublic Group,Consumer Discretionary,21.34,3.3802817,1.49,8277363031,1074900000,5.3216957605985,14.5042756008111
IFF,Intl Flavors & Fragrances,Materials,138,1.9341276,5.05,11270040447,699963000,21.7665615141956,31.2154954262174
INTU,Intuit Inc.,Information Technology,152.75,0.96720195,3.72,41233771565,1654000000,4.55970149253731,15.8557468544638
ISRG,Intuitive Surgical Inc.,Health Care,381.87,0,5.67,44866621303,1153700000,40.2816455696203,26.0568542586857
IVZ,Invesco Ltd.,Financials,31.92,3.466826,2.74,13620847614,1606200000,19.7037037037037,12.0390200026507
IQV,IQVIA Holdings Inc.,Health Care,95.23,0,0.76,20426488713,1542000000,34.3790613718412,33.4409204143668
IRM,Iron Mountain Incorporated,Real Estate,32.07,7.08258,0.46,9410249279,1116140000,6.45271629778672,9.74812747498938
JBHT,J. B. Hunt Transport Services,Industrials,114.81,0.8139042,6.19,12945366350,1007309000,13.4280701754386,64.8739289529616
JEC,Jacobs Engineering Group,Industrials,62.82,0.9089532,2.43,9326484316,409832000,31.2537313432836,51.7905071512451
SJM,JM Smucker,Consumer Staples,118.37,2.6036885,5.1,13612394896,1411300000,62.9627659574468,47.4110187260907
JNJ,Johnson & Johnson,Health Care,126.36,2.5566885,0.39,353062464971,22430000000,26.6582278481013,27.2761288412424
JCI,Johnson Controls International,Industrials,36.55,2.7659574,1.71,34822224800,4295000000,21.6272189349112,32.0183304284692
JPM,JPMorgan Chase & Co.,Financials,107.88,1.9845841,6.3,386613611000,0,67.425,31.9976338123517
JNPR,Juniper Networks,Information Technology,24.66,1.5754234,0.78,9267350000,1115500000,13.8539325842697,13.2985851621225
KSU,Kansas City Southern,Industrials,103.53,1.3445379,9.16,11037040988,1295400000,43.3179916317992,24.1785358218565
K,Kellogg Co.,Consumer Staples,65.98,3.363962,1.95,22182794875,1827000000,5.73739130434783,28.4718529109039
KEY,KeyCorp,Financials,20.08,1.9876952,1.12,22589744920,0,12.9548387096774,6.13982597507194
KMB,Kimberly-Clark,Consumer Staples,111.69,3.5599859,6.41,39449596000,4033000000,0.736449953844125,50.8888415746846
KIM,Kimco Realty,Real Estate,14.01,7.7134986,0.8,6180487499,701190000,11.675,1.98698199177372
KMI,Kinder Morgan,Energy,16.8,2.891845,0.01,38612712234,5981000000,15.7009345794393,5.94914332336144
KLAC,KLA-Tencor Corp.,Information Technology,98.54,2.2988505,5.88,16078622033,1506642000,7.62103634957463,22.7072336365335
KSS,Kohl's Corp.,Consumer Discretionary,60.34,3.4965036,3.12,10570861198,2286000000,29.578431372549,70.5091299040157
KHC,Kraft Heinz Co,Consumer Staples,71.58,3.3990483,2.81,89618309338,7832000000,46.4805194805195,15.3011318540942
KR,Kroger Co.,Consumer Staples,27.57,1.7301039,2.05,25471355847,5342000000,6.85820895522388,98.6006962561026
LB,L Brands Inc.,Consumer Discretionary,47.77,4.886988,3.98,13862042842,2329000000,0.0340392481010133,27.9995688406356
LLL,L-3 Communications Holdings,Industrials,198.79,1.4444605,8.51,16229343134,1137000000,63.7147435897436,133.55410731787
LH,Laboratory Corp. of America Holding,Health Care,165.46,0,7.02,17271388000,1861200000,61.0553505535055,73.6699777342666
LRCX,Lam Research,Information Technology,162.23,1.1652974,9.22,27967534829,2967218000,35.891592920354,53.3558416950628
LEG,Leggett & Platt,Consumer Discretionary,43.99,3.1454785,2.76,6034600480,447000000,8.9959100204499,21.6668544066683
LEN,Lennar Corp.,Consumer Discretionary,59.11,0.26268265,3.38,14615967194,1405319000,33.5852272727273,51.5422386509414
LUK,Leucadia National Corp.,Financials,23.86,1.5993602,0.33,8910389431,2201336000,28.4047619047619,22.9199255035179
LLY,Lilly (Eli) & Co.,Health Care,74.21,2.9327424,-0.2,84475986228,3459800000,12.9511343804538,19.7646775569037
LNC,Lincoln National,Financials,73.86,1.6813145,9.24,17123031000,0,71.0192307692308,61.4504502705617
LKQ,LKQ Corporation,Consumer Discretionary,38.86,0,1.5,12469931896,1065614000,12.8675496688742,22.5457165749309
LMT,Lockheed Martin Corp.,Industrials,334.3,2.315954,6.83,98102120000,7115000000,7.33918770581778,177.994767283955
L,Loews Corp.,Financials,46.05,4.5131636,1.93,16111166935,0,54.1764705882353,29.1275750468334
LOW,Lowe's Cos.,Consumer Discretionary,95.01,1.6413131,3.46,82909678852,7858000000,6.73829787234043,60.6961408472443
LYB,LyondellBasell,Materials,105.79,3.264714,12.25,43556650000,6851000000,18.0529010238908,81.14216008269
MTB,M&T Bank Corp.,Financials,178.35,1.6218846,8.69,27840827434,0,99.6368715083799,38.5389263143724
MAC,Macerich,Real Estate,58.36,4.9177604,3.43,8473119166,503183000,26.0535714285714,5.12159982069135
M,Macy's Inc.,Consumer Discretionary,24,6.098546,1.98,7541063495,2446000000,14.2011834319527,52.7435340383034
MPC,Marathon Petroleum,Energy,62.79,2.8268552,6.85,31633740000,5978000000,25.8395061728395,147.002748803908
MAR,Marriott Int'l.,Consumer Discretionary,133.88,0.9452879,2.67,50910130358,2620000000,12.1488203266788,44.6307593072951
MMC,Marsh & McLennan,Financials,79.31,1.8257059,2.87,41819440000,3236000000,13.557264957265,26.5704533275799
MLM,Martin Marietta Materials,Materials,208.42,0.8042038,6.63,13756812736,975223000,68.7854785478548,47.1858941299045
MAS,Masco Corp.,Industrials,40.7,0.98383695,1.47,13428792315,1179000000,3.41156747694887,17.632283281043
MA,Mastercard Inc.,Information Technology,160.62,0.5926628,3.65,187102014193,7113000000,5.96435202376532,10.6933458388624
MAT,Mattel Inc.,Consumer Discretionary,16,0,-3.06,5843402350,-203599000,4.1343669250646,13.4864926875394
MKC,McCormick & Co.,Consumer Staples,101.36,2.0261056,3.73,13459353253,815700000,19.4923076923077,36.4758131639468
MCD,McDonald's Corp.,Consumer Discretionary,158.97,2.437994,6.36,132101623787,10515400000,1.08831382214007,27.5499949135538
MCK,McKesson Corp.,Health Care,150.23,0.8898776,22.74,31534840262,7232000000,56.0559701492537,980.702109074207
MDT,Medtronic plc,Health Care,78.38,2.2618315,2.89,110107062300,9204000000,36.6261682242991,15.8518220696679
MRK,Merck & Co.,Health Care,54.73,3.435934,1.4,152241530340,8715000000,13.6144278606965,10.7538618261386
MET,MetLife Inc.,Financials,44.28,3.4587116,0.63,48679364276,0,52.0941176470588,42.1840275343188
MTD,Mettler Toledo,Health Care,601,0,14.24,16420774443,666706000,18.9649731776586,71.7842764246462
MGM,MGM Resorts International,Consumer Discretionary,33.5,1.2687428,1.92,19633674337,2680385000,10.8414239482201,15.0381211883132
KORS,Michael Kors Holdings,Consumer Discretionary,60.03,0,3.31,10053919023,456600000,11.1166666666667,19.0838438809958
MCHP,Microchip Technology,Information Technology,79.9,1.7512966,0.66,19393095636,997492000,13.5423728813559,10.7284059980088
MU,Micron Technology,Information Technology,40,0,4.36,48576791974,12541000000,19.8019801980198,18.2541660798713
MSFT,Microsoft Corp.,Information Technology,85.01,1.8747908,2.97,689978437468,41079000000,8.95785036880927,11.9511941964742
MAA,Mid-America Apartments,Real Estate,85.39,4.19652,2.86,9992628990,871483000,53.36875,12.8810703401627
MHK,Mohawk Industries,Consumer Discretionary,256.57,0,12.48,19897356456,1750393000,89.0868055555556,91.7047730373885
TAP,Molson Coors Brewing Company,Consumer Staples,74.51,2.1533613,9.27,12396862128,4708400000,55.6044776119403,60.2261905281524
MDLZ,Mondelez International,Consumer Staples,42.68,1.9977299,1.91,65827817742,4355000000,16.9365079365079,16.6014427307211
MON,Monsanto Co.,Materials,119.08,1.7938709,5.09,53076824328,4217000000,14.9597989949749,33.1719307746264
MNST,Monster Beverage,Consumer Staples,61.99,0,1.19,36403831015,1229478000,6.48430962343096,4.38011792472995
MCO,Moody's Corp,Financials,152.14,1.114065,1.35,30189978000,1238000000,2.06040086673889,15.3166614550687
MS,Morgan Stanley,Financials,51.79,1.8331805,3.09,97535400000,0,38.9398496240601,23.2671582825378
MSI,Motorola Solutions Inc.,Information Technology,98.74,2.0266979,-1.08,16626039679,1629000000,14.4992657856094,37.8420975053726
MYL,Mylan N.V.,Health Care,39.25,0,0.93,21698849265,3113300000,24.079754601227,15.4777738379011
NDAQ,"Nasdaq, Inc.",Financials,75.21,1.9671283,4.32,12844304115,1212000000,33.4266666666667,23.0768643067185
NOV,National Oilwell Varco Inc.,Energy,32.64,0.5873715,-6.4,12940096785,353000000,35.8681318681319,12.9474311289089
NAVI,Navient,Financials,13.38,4.5584044,1.01,3692691330,0,13.1176470588235,19.1510036600173
NTAP,NetApp,Information Technology,55.85,1.3881658,1.81,15375210915,1075000000,10.2289377289377,15.2233653390166
NFLX,Netflix Inc.,Information Technology,250.1,0,1.25,114805404842,809028000,8.12012987012987,25.3610116173917
NWL,Newell Brands,Consumer Discretionary,27.91,3.1228786,1.17,14438346000,2021400000,27.6336633663366,21.7868512176633
NFX,Newfield Exploration Co,Energy,26.38,0,-6.5,5695123080,896000000,5.84922394678492,5.60887673844881
NEM,Newmont Mining Corporation,Materials,36.61,0.8101539,-1.18,19749449484,1509000000,20.2265193370166,9.87420782475274
NWSA,News Corp. Class A,Consumer Discretionary,15.65,1.24533,-1.28,9356906461,679000000,18.4117647058824,10.0849539768453
NWS,News Corp. Class B,Consumer Discretionary,15.85,1.2269939,-1.28,9496735699,679000000,18.4302325581395,10.0838415759142
NEE,NextEra Energy,Utilities,145.29,2.6537917,11.39,69661177770,9018000000,52.8327272727273,35.5084857191318
NLSN,Nielsen Holdings,Industrials,33.9,3.6208732,1.39,13377670080,1836000000,11.2251655629139,12.4229529557063
NKE,Nike,Consumer Discretionary,62.49,1.2189548,2.51,106776113744,5162000000,7.01346801346801,20.455037346728
NI,NiSource Inc.,Utilities,22.51,3.3780859,1.02,7776566371,1448600000,12.3681318681319,10.0664794596639
NBL,Noble Energy Inc,Energy,25.43,1.4771049,-2.32,13177325251,-518000000,17.6597222222222,5.41335107782843
JWN,Nordstrom,Consumer Discretionary,47.23,3.0020285,2.02,8212509855,1448000000,5.19010989010989,63.3080938721103
NSC,Norfolk Southern Corp.,Industrials,136.89,2.018503,18.73,40543547441,4737000000,44.3009708737864,35.531933471886
NTRS,Northern Trust Corp.,Financials,96.2,1.6678249,4.92,22908130223,0,39.4262295081967,23.8607366369954
NOC,Northrop Grumman Corp.,Industrials,324.01,1.3030859,11.47,58782413951,3884000000,40.7047738693467,146.638993182402
NCLH,Norwegian Cruise Line,Consumer Discretionary,56.01,0,2.78,13191507318,1529401000,23.8340425531915,17.4670424570444
NRG,NRG Energy,Utilities,24,1.4195584,-2.23,8030036023,1774000000,3.56612184249629,24.1618335449004
NUE,Nucor Corp.,Materials,60.38,2.415766,4.1,20003317128,2648729000,25.8034188034188,60.4782269218196
NVDA,Nvidia Corporation,Information Technology,217.52,0.26223776,2.57,138652800000,3098000000,10.6679744973026,10.8249635443773
ORLY,O'Reilly Automotive,Consumer Discretionary,252.22,0,10.73,21433781860,1965187000,7.39214536928488,78.9808606847073
OMC,Omnicom Group,Consumer Discretionary,75.91,3.1838684,4.79,17377551986,2366000000,11.3978978978979,49.5264744483582
OKE,ONEOK,Energy,54.4,5.4436197,1.66,21988472489,1851783000,13.4987593052109,20.7954528295864
ORCL,Oracle Corp.,Information Technology,46.84,1.5551463,2.2,202302349740,16545000000,13.1573033707865,8.91144086317236
PCAR,PACCAR Inc.,Industrials,66.98,1.455816,4.75,24152102921,3619200000,21.8175895765472,52.0463428469303
PKG,Packaging Corporation of America,Materials,111.95,2.1514556,7.07,11051273948,1214900000,20.2075812274368,64.2828514368466
PH,Parker-Hannifin,Industrials,174.51,1.4401833,7.24,24421668509,2092089000,39.751708428246,93.557681626603
PDCO,Patterson Companies,Health Care,32.88,3.0723782,1.79,3209792400,359644000,14.0512820512821,41.764090807937
PAYX,Paychex Inc.,Information Technology,61.86,3.0892801,2.26,23253666810,1414900000,5.25573491928632,8.53419479127161
PYPL,PayPal,Information Technology,72.32,0,1.47,90708000000,2932000000,12.447504302926,10.4272159564087
PNR,Pentair Ltd.,Industrials,66.67,2.03933,3.63,12466660892,863700000,26.883064516129,26.465263379189
PBCT,People's United Financial,Financials,18.56,3.59375,0.97,6527616000,0,15.8632478632479,4.72592872647628
PKI,PerkinElmer,Health Care,72.06,0.3695394,2.64,8351767268,445658000,22.1723076923077,19.4145654449887
PRGO,Perrigo,Health Care,84.44,0.73126143,-28.01,12326379902,0,41.5960591133005,24.9452977449055
PFE,Pfizer Inc.,Health Care,33.63,3.8879359,3.51,208505541949,20569000000,9.89117647058824,8.40311252487295
PCG,PG&E Corp.,Utilities,38.24,0,2.78,20309412381,6471000000,35.0825688073395,24.3092399777148
PM,Philip Morris International,Consumer Staples,100.39,4.328479,4.48,153580671803,11802000000,0.0761280048532646,36.4065808911326
PSX,Phillips 66,Energy,92.44,2.928564,9.93,47996220000,5311000000,43.6037735849057,194.612689589476
PNW,Pinnacle West Capital,Utilities,74.34,3.698776,3.95,8397609889,1614399000,45.0545454545455,24.8369536183422
PXD,Pioneer Natural Resources,Energy,169.16,0.1816118,-3.39,29983119693,1717000000,61.2898550724638,24.9166020736605
PNC,PNC Financial Services,Financials,149.38,1.9354838,10.4,73315000000,0,97.6339869281046,36.9155795212194
RL,Polo Ralph Lauren Corp.,Consumer Discretionary,101.32,1.8570102,-1.19,8753430477,506100000,41.5245901639344,72.637291434836
PPG,PPG Industries,Materials,110.3,1.5771489,6.31,29043337549,2585000000,22.8364389233954,56.416404417338
PPL,PPL Corp.,Utilities,29.52,5.2196894,2.79,20839814845,3937000000,15.1384615384615,7.87261868286022
PX,Praxair Inc.,Materials,144.07,2.1998534,4.32,42948664203,3632000000,20.9404069767442,37.0558512724687
PCLN,Priceline.com Inc,Consumer Discretionary,1806.06,0,42.66,91817448863,4803487000,260.991329479769,196.812227321686
PFG,Principal Financial Group,Financials,60.38,3.1914895,4.5,18457199721,0,39.4640522875817,35.1710139585471
PG,Procter & Gamble,Consumer Staples,80.22,3.3704789,5.6,206318943299,17249000000,20.8363636363636,25.3900901547599
PGR,Progressive Corp.,Financials,51.07,2.1061797,2.73,31062780000,0,15.7138461538462,44.5680710743357
PLD,Prologis,Real Estate,58.33,2.931379,3.06,31953288000,2969194000,27.6445497630332,4.05622302008439
PRU,Prudential Financial,Financials,103.38,2.6985698,9.73,47136080000,0,111.161290322581,95.3930279489207
PEG,Public Serv. Enterprise Inc.,Utilities,46.73,3.60587,1.75,24138050331,3613000000,24.8563829787234,13.5482839763231
PSA,Public Storage,Real Estate,180.49,4.316159,6.81,32258539942,1924803000,27.5137195121951,11.1660543040564
PHM,Pulte Homes Inc.,Consumer Discretionary,28.67,1.2036108,1.44,8792572352,992811000,14.4070351758794,27.7231330253974
PVH,PVH Corp.,Consumer Discretionary,142.68,0.100529455,6.77,11478625926,1057500000,66.6728971962617,80.9875531871054
QRVO,Qorvo,Information Technology,76.85,0,-0.13,9877885146,806875000,38.8131313131313,22.6753555914742
QCOM,QUALCOMM Inc.,Information Technology,62.42,3.5055351,1.65,96282828902,4191000000,16.3403141361257,14.6400109952534
PWR,Quanta Services Inc.,Industrials,33.51,0,1.28,5330131216,649404000,23.4335664335664,43.0203130338223
DGX,Quest Diagnostics,Health Care,96.42,1.9884669,5.5,13578300000,1453000000,34.1914893617021,54.4441767345386
RRC,Range Resources Corp.,Energy,12.82,0.6097561,-2.79,3255587970,820095000,21.728813559322,6.53270410789378
RJF,Raymond James Financial Inc.,Financials,86.06,1.0982976,4.12,13216271700,0,36.7777777777778,43.6087867195384
RTN,Raytheon Co.,Industrials,198.74,1.5612764,6.95,59066255840,3868000000,37.6401515151515,86.6410141140191
O,Realty Income Corporation,Real Estate,47.56,5.372036,1.12,13784942453,1075568000,24.7708333333333,3.05105141631077
RHT,Red Hat Inc.,Information Technology,124.65,0,1.68,22799923883,541809000,7.94455066921606,15.1973701295416
REG,Regency Centers Corporation,Real Estate,55.58,3.6850338,1.43,9858367494,487636000,36.8079470198676,4.03860963124835
REGN,Regeneron,Health Care,322.62,0,7.74,35950369241,2043160000,54.7741935483871,38.0205552825379
RF,Regions Financial Corp.,Financials,17.9,1.8987342,1,21500640000,0,13.5606060606061,5.15141861147109
RSG,Republic Services Inc,Industrials,62.72,2.1362228,1.77,21590903863,2734000000,22.1625441696113,21.746678517312
RMD,ResMed,Health Care,89.26,1.5120423,2.41,13233622689,636942000,13.5037821482602,14.4806951940688
RHI,Robert Half International,Industrials,52.26,1.7075773,2.32,7047165475,565196000,8.73913043478261,39.2036189156186
ROK,Rockwell Automation Inc.,Industrials,178.73,1.7692552,6.35,24123216432,1323200000,16.337294332724,47.5270662028392
COL,Rockwell Collins,Industrials,133.31,0.9748892,4.8,22197870556,1696000000,38.528901734104,35.2553227444831
ROP,Roper Technologies,Industrials,259.4,0.61985797,9.38,27247789759,1555209000,61.3238770685579,43.4390134420637
ROST,Ross Stores,Consumer Discretionary,75.06,0.82061803,2.83,29803566306,2247009000,7.30155642023346,25.2434083713209
RCL,Royal Caribbean Cruises Ltd,Consumer Discretionary,122.45,1.8674136,7.53,27418147452,2876309000,47.83203125,39.466121517429
SPGI,"S&P Global, Inc.",Financials,173.31,1.0947506,7.95,46585950000,3021000000,3.4278085443038,16.9005365732643
CRM,Salesforce.com,Information Technology,104.03,0,0.27,79489115000,925804000,11.8081725312145,10.028071950139
SBAC,SBA Communications,Real Estate,159.85,0,0.62,19572031314,1074240000,1.7558216168717,10.5239200440155
SCG,SCANA Corp,Utilities,35.6,6.6830335,4.16,5229448882,1459000000,38.6956521739131,21.5534856405956
SLB,Schlumberger Ltd.,Energy,67.4,2.8673835,-1.08,96529311126,3222000000,25.530303030303,20.8682763435362
SNI,Scripps Networks Interactive Inc.,Consumer Discretionary,86.46,1.3761468,5.18,11328642413,1351059000,20.4881516587678,19.766446833722
STX,Seagate Technology,Information Technology,47.44,5.085772,2.58,14113197720,1811000000,3.55888972243061,36.3565077459134
SEE,Sealed Air,Materials,42.62,1.4427412,2.46,8001938397,969700000,4.03981042654028,17.2550139236464
SRE,Sempra Energy,Utilities,103.36,3.1607263,5.45,26163862235,3763000000,52.2020202020202,32.7811660529713
SHW,Sherwin-Williams,Materials,387.65,0.8426688,18.61,37730994828,2160668000,28.8859910581222,153.366362984256
SIG,Signet Jewelers,Consumer Discretionary,49.38,2.4730754,7.03,3034275549,852700000,35.7826086956522,65.2768867604646
SPG,Simon Property Group Inc,Real Estate,152.18,5.0368075,6.25,48139839531,4411515000,11.4939577039275,17.3830700685762
SWKS,Skyworks Solutions,Information Technology,99.04,1.2629502,5.41,18493080922,1122900000,23.3035294117647,14.208564657082
SLG,SL Green Realty,Real Estate,90.61,3.4998922,0.88,8617714345,795889000,68.6439393939394,13.7663148530774
SNA,Snap-On Inc.,Consumer Discretionary,156.72,1.968433,9.2,9499107736,982200000,48.8224299065421,44.6307374611393
SO,Southern Co.,Utilities,43.4,5.3530226,2.53,43497224128,6012000000,23.8461538461538,17.304209843129
LUV,Southwest Airlines,Industrials,55.63,0.863707,5.82,34351211637,4533000000,14.4869791666667,34.1395223302117
SWK,Stanley Black & Decker,Consumer Discretionary,152.86,1.5775635,8.05,24496399600,2264600000,45.7664670658683,78.6185437105422
SBUX,Starbucks Corp.,Consumer Discretionary,53.77,2.203452,1.97,76548976000,7361500000,4.0247005988024,15.6342484888323
STT,State Street Corp.,Financials,98.54,1.6228749,5.23,38059113300,0,50.5333333333333,30.1985368389052
SRCL,Stericycle Inc,Industrials,70.55,0,2.08,6218560288,305085000,32.8139534883721,31.2067009788509
SYK,Stryker Corp.,Health Care,148.01,1.2234008,2.68,57509096756,2863000000,26.7166064981949,31.929218567916
STI,SunTrust Banks,Financials,65.8,2.3185046,4.48,32498948310,0,47.6811594202899,19.8854952085174
SYMC,Symantec Corp.,Information Technology,25.59,1.1286682,-0.17,16520497264,1227000000,7.61607142857143,7.20510327413239
SYF,Synchrony Financial,Financials,34.98,1.6,2.41,28893750000,0,17.756345177665,16.580852774399
SNPS,Synopsys Inc.,Information Technology,82.62,0,0.87,12767067883,579844000,20.7587939698492,13.1638822076318
SYY,Sysco Corp.,Consumer Staples,57,2.4644873,2.08,30445320778,2988725000,4.25373134328358,78.1299795011607
TROW,T. Rowe Price Group,Financials,101.99,2.140443,4.75,25810865035,2281400000,22.1236442516269,13.7989992498697
TPR,"Tapestry, Inc.",Consumer Discretionary,48.85,0,2.09,14247199374,0,11.2298850574713,11.9772976146862
TGT,Target Corp.,Consumer Discretionary,71.11,3.3856654,4.71,39816696539,7105000000,20.6115942028985,88.3640095166212
TEL,TE Connectivity Ltd.,Information Technology,95.27,1.6062645,4.71,34983666316,2797000000,26.4638888888889,37.0205365471423
FTI,TechnipFMC,Energy,29.1,1.7060367,0,14163064455,540167833.42,27.4528301886792,18.6350319389078
TXN,Texas Instruments,Information Technology,97.66,2.4318495,3.6,100262526470,7013000000,10.4785407725322,14.0372091544451
TXT,Textron Inc.,Industrials,55.54,0.1381454,1.14,15254672353,1454000000,21.6108949416342,52.1713237134823
BK,The Bank of New York Mellon Corp.,Financials,53.29,1.7347307,3.73,56083904906,0,35.7651006711409,15.7503089250637
CLX,The Clorox Company,Consumer Staples,127.76,2.6286967,5.33,16540418002,1295000000,5.90934320074006,45.650043252487
COO,The Cooper Companies,Health Care,223.17,0.026033757,7.52,11297958140,615700000,62.5126050420168,32.5612778167705
HSY,The Hershey Company,Consumer Staples,97.65,2.6494346,3.66,20867272020,1404123000,3.8085023400936,34.3877852614692
MOS,The Mosaic Company,Materials,24.13,0.3960396,0.85,9726962131,1165100000,25.6702127659574,13.286012444253
TRV,The Travelers Companies Inc.,Financials,135.01,2.0261714,7.31,38903131815,0,82.8282208588957,101.220554497608
DIS,The Walt Disney Company,Consumer Discretionary,101.35,1.6036655,5.7,157817273295,12544000000,26.5314136125654,25.5704706402177
TMO,Thermo Fisher Scientific,Health Care,198.73,0.3276319,5.6,83226586345,4751300000,58.7958579881657,49.4886775942023
TIF,Tiffany & Co.,Consumer Discretionary,99.62,1.9402406,3.55,12810515320,949500000,25.0931989924433,22.0556913956679
TWX,Time Warner Inc.,Consumer Discretionary,93.02,1.6927768,6.62,74185800000,7671000000,34.0732600732601,39.1894400342164
TJX,TJX Companies Inc.,Consumer Discretionary,74.36,1.64042,3.46,48181450881,4600216000,7.18454106280193,38.5412819319652
TMK,Torchmark Corp.,Financials,80.52,0.7204611,4.5,9614412169,0,42.8297872340426,25.9076159896709
TSS,Total System Services,Information Technology,81.17,0.6091133,3.16,15694951118,1097534000,12.3546423135464,25.5609425522776
TSCO,Tractor Supply Company,Consumer Discretionary,65.94,1.6030874,3.3,8459271203,859519000,10.9717138103161,56.6391444860796
TRIP,TripAdvisor,Consumer Discretionary,40.05,0,0.81,5700998508,234000000,11.4756446991404,8.72059317452999
FOXA,Twenty-First Century Fox Class A,Consumer Discretionary,34.56,0.9983361,1.59,44027094922,5280000000,8.40875912408759,16.3944403682355
FOX,Twenty-First Century Fox Class B,Consumer Discretionary,34.09,1.0084034,1.59,66135313503,5280000000,8.43811881188119,10.7692845220962
TSN,Tyson Foods,Consumer Staples,73.92,1.6353229,4.79,26957526800,2521000000,28.9882352941177,78.8639948799856
USB,U.S. Bancorp,Financials,52.65,2.189781,3.52,90940115897,0,25.1913875598086,13.9383256753728
UDR,UDR Inc,Real Estate,32.92,3.668639,1.08,9050154422,665141000,10.0672782874618,2.6621749338439
ULTA,Ulta Salon Cosmetics & Fragrance Inc,Consumer Discretionary,209.09,0,6.52,13300000127,1002093000,26.0062189054726,61.8991978859836
UAA,Under Armour Class A,Consumer Discretionary,13.14,0,0.45,5856913571,399277000,4.83088235294118,8.2006705327565
UA,Under Armour Class C,Consumer Discretionary,11.95,0,0.45,5366628950,399277000,4.78,8.10785853679818
UAL,United Continental Holdings,Industrials,63.37,0,7.05,19363059152,5929000000,30.3205741626794,126.222588365771
UNH,United Health Group Inc.,Health Care,216.46,1.3284917,10.71,218834811333,17454000000,45.9575371549894,198.526760115913
UPS,United Parcel Service,Industrials,109.28,2.9666696,5.62,96436356833,7919000000,1.68902627511592,74.1151788401707
URI,"United Rentals, Inc.",Industrials,161.99,0,15.72,14654954091,2760000000,35.7593818984548,74.3666349012777
UTX,United Technologies,Industrials,127.48,2.1216943,5.7,105387272474,10584000000,37.4941176470588,73.585254503215
UHS,"Universal Health Services, Inc.",Health Care,114.87,0.34153005,7.14,11116075286,1676204000,51.9773755656109,87.2961095892576
UNM,Unum Group,Financials,47.87,1.8189007,4.38,11256432318,0,40.2268907563025,47.9422777779781
VFC,V.F. Corp.,Consumer Discretionary,78.75,2.2865665,2.55,31797645904,1624441000,9.98098859315589,21.2201554344724
VLO,Valero Energy,Energy,86.77,3.5618877,9.24,39312309113,5401000000,44.9585492227979,206.010658327156
VAR,Varian Medical Systems,Health Care,112.82,0,2.69,10692681720,500600000,15.4125683060109,28.4523562495265
VTR,Ventas Inc,Real Estate,50.92,5.965641,1.86,18865999082,1935931000,28.9318181818182,7.19814018830374
VRSN,Verisign Inc.,Information Technology,105.62,0,3.43,10754983829,767864000,9.76155268022181,8.51648575383518
VRSK,Verisk Analytics,Industrials,92.28,0,3.45,15594677147,1011200000,9.88008565310493,9.28793130554214
VZ,Verizon Communications,Telecommunication Services,49.04,4.626544,7.36,208092277044,45745000000,6.1608040201005,29.8069404950383
VRTX,Vertex Pharmaceuticals Inc,Health Care,151.6,0,1.04,39369386348,97562000,6.91921497033318,9.36646375957004
VIAB,Viacom Inc.,Consumer Discretionary,32.71,2.622091,4.68,10601008017,5600000000,15.7259615384615,29.9411392534835
V,Visa Inc.,Information Technology,113.86,0.70204765,2.8,270038723213,13086000000,12.1127659574468,7.88850834307099
VNO,Vornado Realty Trust,Real Estate,66.18,3.744428,4.33,12778779911,0,18.2314049586777,9.25710889802456
VMC,Vulcan Materials,Materials,121.47,0.7797879,3.1,16964162228,970976000,34.3135593220339,21.0970112376364
WMT,Wal-Mart Stores,Consumer Staples,100.02,1.983471,4.39,304680931618,30721000000,25.7120822622108,121.8278919514
WBA,Walgreens Boots Alliance,Consumer Staples,68.22,2.2368238,3.78,70862541911,7083000000,22.2941176470588,115.541187333895
WM,Waste Management Inc.,Industrials,79.12,2.0800195,2.66,35488486675,3896000000,11.7563150074294,24.1310231599569
WAT,Waters Corporation,Health Care,191.79,0,0.19,16064078572,773932000,31.1853658536585,27.4675880599072
WEC,Wec Energy Group Inc,Utilities,59.5,3.691948,3.79,18890296993,2736500000,28.3333333333333,23.9588982885172
WFC,Wells Fargo,Financials,55.4,2.7111576,4.07,281463620775,0,35.0632911392405,19.2841930324052
HCN,Welltower Inc.,Real Estate,54.67,6.1538463,2.81,20943679019,1908253000,36.6912751677852,8.12910451378677
WDC,Western Digital,Information Technology,80.09,2.389201,1.29,24760297793,5169000000,40.045,64.3033376876652
WU,Western Union Co,Information Technology,18.81,3.5915854,0.51,8951609207,694600000,1.48695652173913,8.44721277904768
WRK,WestRock Company,Materials,60.93,2.6699784,2.77,16433340688,2262300000,38.5632911392405,56.6377110668024
WY,Weyerhaeuser Corp.,Real Estate,33.6,3.7079954,0.77,26070297960,1365000000,11.5862068965517,9.23158232013512
WHR,Whirlpool Corp.,Consumer Discretionary,164.95,2.5652986,4.51,12177920000,1842000000,64.1828793774319,284.079191186329
WMB,Williams Cos.,Energy,28.56,4,-0.57,24802396470,3955000000,9.48837209302326,6.64451131608436
WLTW,Willis Towers Watson,Financials,152.36,1.347058,3.07,20780269334,1440000000,72.552380952381,44.1819599628971
WYN,Wyndham Worldwide,Consumer Discretionary,113.56,1.9541779,5.53,11993835688,1232000000,6.00528820729773,41.5482435622724
WYNN,Wynn Resorts Ltd,Consumer Discretionary,169.28,1.1279043,7.27,18225400525,1501301000,3.27490810601664,68.2950209347155
XEL,Xcel Energy Inc,Utilities,42.44,3.3914273,2.21,21559611927,3885828000,21.8762886597938,16.8382229247406
XRX,Xerox Corp.,Information Technology,29.8,3.207184,0.59,7938833340,1191000000,20,37.828511425226
XLNX,Xilinx Inc,Information Technology,62.82,2.0904882,2.32,17064975551,845468000,8.70083102493075,8.84638468451697
XL,XL Capital,Financials,41.26,2.0952382,-2.24,10753423590,0,42.5360824742268,48.8896231680033
XYL,Xylem Inc.,Industrials,70.24,1.1700794,1.83,12915021000,722000000,13.2278719397363,25.7647119843399
YUM,Yum! Brands Inc,Consumer Discretionary,76.3,1.7970798,4.07,27003303098,2289000000,0.359769898151641,12.0849533255503
ZBH,Zimmer Biomet Holdings,Health Care,115.53,0.7948336,9.01,24454698119,2007400000,48.3389121338912,36.5035772273415
ZION,Zions Bancorp,Financials,50.71,1.480933,2.6,10670678640,0,35.7112676056338,13.3638003032378
ZTS,Zoetis,Health Care,71.51,0.68237203,1.65,35991109776,1734000000,3.95301271420674,7.70507502723875
